From,To
b'100000369073066',b'509167684'
b'100000369073066',b'1200795483'
b'100000369073066',b'100011959694087'
b'100000369073066',b'100005886249551'
b'100000369073066',b'669485841'
b'100000369073066',b'1301704304'
b'100000369073066',b'100016885514546'
b'100000369073066',b'1677450373'
b'100000369073066',b'100014649483803'
b'100000369073066',b'100014563835227'
b'100000369073066',b'100021632614482'
b'100000369073066',b'1129241406'
b'100000369073066',b'582180616'
b'100000369073066',b'100003026136552'
b'100000369073066',b'769109418'
b'100000369073066',b'100005246072246'
b'100000369073066',b'100012752402544'
b'100000369073066',b'100026795495058'
b'100000369073066',b'100017401239141'
b'100000369073066',b'100003503244228'
b'100000369073066',b'100001498417823'
b'100000369073066',b'647586300'
b'100000369073066',b'680746486'
b'100000369073066',b'725978239'
b'100000369073066',b'100011195830466'
b'100000369073066',b'1324786900'
b'100000369073066',b'1128559439'
b'100000369073066',b'720166273'
b'100000369073066',b'100005350779115'
b'100000369073066',b'100000157862691'
b'668764906',b'509167684'
b'668764906',b'1200795483'
b'668764906',b'100011959694087'
b'668764906',b'100005886249551'
b'668764906',b'669485841'
b'668764906',b'1301704304'
b'668764906',b'100016885514546'
b'668764906',b'1677450373'
b'668764906',b'100014649483803'
b'668764906',b'100014563835227'
b'668764906',b'100021632614482'
b'668764906',b'1129241406'
b'668764906',b'582180616'
b'668764906',b'100003026136552'
b'668764906',b'769109418'
b'668764906',b'100005246072246'
b'668764906',b'100012752402544'
b'668764906',b'100026795495058'
b'668764906',b'100017401239141'
b'668764906',b'100003503244228'
b'668764906',b'100001498417823'
b'668764906',b'647586300'
b'668764906',b'680746486'
b'668764906',b'725978239'
b'668764906',b'100011195830466'
b'668764906',b'1324786900'
b'668764906',b'1128559439'
b'668764906',b'720166273'
b'668764906',b'100005350779115'
b'668764906',b'100000157862691'
b'100005914441571',b'509167684'
b'100005914441571',b'1200795483'
b'100005914441571',b'100011959694087'
b'100005914441571',b'100005886249551'
b'100005914441571',b'669485841'
b'100005914441571',b'1301704304'
b'100005914441571',b'100016885514546'
b'100005914441571',b'1677450373'
b'100005914441571',b'100014649483803'
b'100005914441571',b'100014563835227'
b'100005914441571',b'100021632614482'
b'100005914441571',b'1129241406'
b'100005914441571',b'582180616'
b'100005914441571',b'100003026136552'
b'100005914441571',b'769109418'
b'100005914441571',b'100005246072246'
b'100005914441571',b'100012752402544'
b'100005914441571',b'100026795495058'
b'100005914441571',b'100017401239141'
b'100005914441571',b'100003503244228'
b'100005914441571',b'100001498417823'
b'100005914441571',b'647586300'
b'100005914441571',b'680746486'
b'100005914441571',b'725978239'
b'100005914441571',b'100011195830466'
b'100005914441571',b'1324786900'
b'100005914441571',b'1128559439'
b'100005914441571',b'720166273'
b'100005914441571',b'100005350779115'
b'100005914441571',b'100000157862691'
b'627844106',b'509167684'
b'627844106',b'1200795483'
b'627844106',b'100011959694087'
b'627844106',b'100005886249551'
b'627844106',b'669485841'
b'627844106',b'1301704304'
b'627844106',b'100016885514546'
b'627844106',b'1677450373'
b'627844106',b'100014649483803'
b'627844106',b'100014563835227'
b'627844106',b'100021632614482'
b'627844106',b'1129241406'
b'627844106',b'582180616'
b'627844106',b'100003026136552'
b'627844106',b'769109418'
b'627844106',b'100005246072246'
b'627844106',b'100012752402544'
b'627844106',b'100026795495058'
b'627844106',b'100017401239141'
b'627844106',b'100003503244228'
b'627844106',b'100001498417823'
b'627844106',b'647586300'
b'627844106',b'680746486'
b'627844106',b'725978239'
b'627844106',b'100011195830466'
b'627844106',b'1324786900'
b'627844106',b'1128559439'
b'627844106',b'720166273'
b'627844106',b'100005350779115'
b'627844106',b'100000157862691'
b'613098817',b'509167684'
b'613098817',b'1200795483'
b'613098817',b'100011959694087'
b'613098817',b'100005886249551'
b'613098817',b'669485841'
b'613098817',b'1301704304'
b'613098817',b'100016885514546'
b'613098817',b'1677450373'
b'613098817',b'100014649483803'
b'613098817',b'100014563835227'
b'613098817',b'100021632614482'
b'613098817',b'1129241406'
b'613098817',b'582180616'
b'613098817',b'100003026136552'
b'613098817',b'769109418'
b'613098817',b'100005246072246'
b'613098817',b'100012752402544'
b'613098817',b'100026795495058'
b'613098817',b'100017401239141'
b'613098817',b'100003503244228'
b'613098817',b'100001498417823'
b'613098817',b'647586300'
b'613098817',b'680746486'
b'613098817',b'725978239'
b'613098817',b'100011195830466'
b'613098817',b'1324786900'
b'613098817',b'1128559439'
b'613098817',b'720166273'
b'613098817',b'100005350779115'
b'613098817',b'100000157862691'
b'721715583',b'509167684'
b'721715583',b'1200795483'
b'721715583',b'100011959694087'
b'721715583',b'100005886249551'
b'721715583',b'669485841'
b'721715583',b'1301704304'
b'721715583',b'100016885514546'
b'721715583',b'1677450373'
b'721715583',b'100014649483803'
b'721715583',b'100014563835227'
b'721715583',b'100021632614482'
b'721715583',b'1129241406'
b'721715583',b'582180616'
b'721715583',b'100003026136552'
b'721715583',b'769109418'
b'721715583',b'100005246072246'
b'721715583',b'100012752402544'
b'721715583',b'100026795495058'
b'721715583',b'100017401239141'
b'721715583',b'100003503244228'
b'721715583',b'100001498417823'
b'721715583',b'647586300'
b'721715583',b'680746486'
b'721715583',b'725978239'
b'721715583',b'100011195830466'
b'721715583',b'1324786900'
b'721715583',b'1128559439'
b'721715583',b'720166273'
b'721715583',b'100005350779115'
b'721715583',b'100000157862691'
b'100005241825756',b'509167684'
b'100005241825756',b'1200795483'
b'100005241825756',b'100011959694087'
b'100005241825756',b'100005886249551'
b'100005241825756',b'669485841'
b'100005241825756',b'1301704304'
b'100005241825756',b'100016885514546'
b'100005241825756',b'1677450373'
b'100005241825756',b'100014649483803'
b'100005241825756',b'100014563835227'
b'100005241825756',b'100021632614482'
b'100005241825756',b'1129241406'
b'100005241825756',b'582180616'
b'100005241825756',b'100003026136552'
b'100005241825756',b'769109418'
b'100005241825756',b'100005246072246'
b'100005241825756',b'100012752402544'
b'100005241825756',b'100026795495058'
b'100005241825756',b'100017401239141'
b'100005241825756',b'100003503244228'
b'100005241825756',b'100001498417823'
b'100005241825756',b'647586300'
b'100005241825756',b'680746486'
b'100005241825756',b'725978239'
b'100005241825756',b'100011195830466'
b'100005241825756',b'1324786900'
b'100005241825756',b'1128559439'
b'100005241825756',b'720166273'
b'100005241825756',b'100005350779115'
b'100005241825756',b'100000157862691'
b'100040880449939',b'509167684'
b'100040880449939',b'1200795483'
b'100040880449939',b'100011959694087'
b'100040880449939',b'100005886249551'
b'100040880449939',b'669485841'
b'100040880449939',b'1301704304'
b'100040880449939',b'100016885514546'
b'100040880449939',b'1677450373'
b'100040880449939',b'100014649483803'
b'100040880449939',b'100014563835227'
b'100040880449939',b'100021632614482'
b'100040880449939',b'1129241406'
b'100040880449939',b'582180616'
b'100040880449939',b'100003026136552'
b'100040880449939',b'769109418'
b'100040880449939',b'100005246072246'
b'100040880449939',b'100012752402544'
b'100040880449939',b'100026795495058'
b'100040880449939',b'100017401239141'
b'100040880449939',b'100003503244228'
b'100040880449939',b'100001498417823'
b'100040880449939',b'647586300'
b'100040880449939',b'680746486'
b'100040880449939',b'725978239'
b'100040880449939',b'100011195830466'
b'100040880449939',b'1324786900'
b'100040880449939',b'1128559439'
b'100040880449939',b'720166273'
b'100040880449939',b'100005350779115'
b'100040880449939',b'100000157862691'
b'100000308392466',b'509167684'
b'100000308392466',b'1200795483'
b'100000308392466',b'100011959694087'
b'100000308392466',b'100005886249551'
b'100000308392466',b'669485841'
b'100000308392466',b'1301704304'
b'100000308392466',b'100016885514546'
b'100000308392466',b'1677450373'
b'100000308392466',b'100014649483803'
b'100000308392466',b'100014563835227'
b'100000308392466',b'100021632614482'
b'100000308392466',b'1129241406'
b'100000308392466',b'582180616'
b'100000308392466',b'100003026136552'
b'100000308392466',b'769109418'
b'100000308392466',b'100005246072246'
b'100000308392466',b'100012752402544'
b'100000308392466',b'100026795495058'
b'100000308392466',b'100017401239141'
b'100000308392466',b'100003503244228'
b'100000308392466',b'100001498417823'
b'100000308392466',b'647586300'
b'100000308392466',b'680746486'
b'100000308392466',b'725978239'
b'100000308392466',b'100011195830466'
b'100000308392466',b'1324786900'
b'100000308392466',b'1128559439'
b'100000308392466',b'720166273'
b'100000308392466',b'100005350779115'
b'100000308392466',b'100000157862691'
b'832535180',b'509167684'
b'832535180',b'1200795483'
b'832535180',b'100011959694087'
b'832535180',b'100005886249551'
b'832535180',b'669485841'
b'832535180',b'1301704304'
b'832535180',b'100016885514546'
b'832535180',b'1677450373'
b'832535180',b'100014649483803'
b'832535180',b'100014563835227'
b'832535180',b'100021632614482'
b'832535180',b'1129241406'
b'832535180',b'582180616'
b'832535180',b'100003026136552'
b'832535180',b'769109418'
b'832535180',b'100005246072246'
b'832535180',b'100012752402544'
b'832535180',b'100026795495058'
b'832535180',b'100017401239141'
b'832535180',b'100003503244228'
b'832535180',b'100001498417823'
b'832535180',b'647586300'
b'832535180',b'680746486'
b'832535180',b'725978239'
b'832535180',b'100011195830466'
b'832535180',b'1324786900'
b'832535180',b'1128559439'
b'832535180',b'720166273'
b'832535180',b'100005350779115'
b'832535180',b'100000157862691'
b'662965707',b'509167684'
b'662965707',b'1200795483'
b'662965707',b'100011959694087'
b'662965707',b'100005886249551'
b'662965707',b'669485841'
b'662965707',b'1301704304'
b'662965707',b'100016885514546'
b'662965707',b'1677450373'
b'662965707',b'100014649483803'
b'662965707',b'100014563835227'
b'662965707',b'100021632614482'
b'662965707',b'1129241406'
b'662965707',b'582180616'
b'662965707',b'100003026136552'
b'662965707',b'769109418'
b'662965707',b'100005246072246'
b'662965707',b'100012752402544'
b'662965707',b'100026795495058'
b'662965707',b'100017401239141'
b'662965707',b'100003503244228'
b'662965707',b'100001498417823'
b'662965707',b'647586300'
b'662965707',b'680746486'
b'662965707',b'725978239'
b'662965707',b'100011195830466'
b'662965707',b'1324786900'
b'662965707',b'1128559439'
b'662965707',b'720166273'
b'662965707',b'100005350779115'
b'662965707',b'100000157862691'
b'100002614929747',b'509167684'
b'100002614929747',b'1200795483'
b'100002614929747',b'100011959694087'
b'100002614929747',b'100005886249551'
b'100002614929747',b'669485841'
b'100002614929747',b'1301704304'
b'100002614929747',b'100016885514546'
b'100002614929747',b'1677450373'
b'100002614929747',b'100014649483803'
b'100002614929747',b'100014563835227'
b'100002614929747',b'100021632614482'
b'100002614929747',b'1129241406'
b'100002614929747',b'582180616'
b'100002614929747',b'100003026136552'
b'100002614929747',b'769109418'
b'100002614929747',b'100005246072246'
b'100002614929747',b'100012752402544'
b'100002614929747',b'100026795495058'
b'100002614929747',b'100017401239141'
b'100002614929747',b'100003503244228'
b'100002614929747',b'100001498417823'
b'100002614929747',b'647586300'
b'100002614929747',b'680746486'
b'100002614929747',b'725978239'
b'100002614929747',b'100011195830466'
b'100002614929747',b'1324786900'
b'100002614929747',b'1128559439'
b'100002614929747',b'720166273'
b'100002614929747',b'100005350779115'
b'100002614929747',b'100000157862691'
b'1046002961',b'509167684'
b'1046002961',b'1200795483'
b'1046002961',b'100011959694087'
b'1046002961',b'100005886249551'
b'1046002961',b'669485841'
b'1046002961',b'1301704304'
b'1046002961',b'100016885514546'
b'1046002961',b'1677450373'
b'1046002961',b'100014649483803'
b'1046002961',b'100014563835227'
b'1046002961',b'100021632614482'
b'1046002961',b'1129241406'
b'1046002961',b'582180616'
b'1046002961',b'100003026136552'
b'1046002961',b'769109418'
b'1046002961',b'100005246072246'
b'1046002961',b'100012752402544'
b'1046002961',b'100026795495058'
b'1046002961',b'100017401239141'
b'1046002961',b'100003503244228'
b'1046002961',b'100001498417823'
b'1046002961',b'647586300'
b'1046002961',b'680746486'
b'1046002961',b'725978239'
b'1046002961',b'100011195830466'
b'1046002961',b'1324786900'
b'1046002961',b'1128559439'
b'1046002961',b'720166273'
b'1046002961',b'100005350779115'
b'1046002961',b'100000157862691'
b'1512739675',b'509167684'
b'1512739675',b'1200795483'
b'1512739675',b'100011959694087'
b'1512739675',b'100005886249551'
b'1512739675',b'669485841'
b'1512739675',b'1301704304'
b'1512739675',b'100016885514546'
b'1512739675',b'1677450373'
b'1512739675',b'100014649483803'
b'1512739675',b'100014563835227'
b'1512739675',b'100021632614482'
b'1512739675',b'1129241406'
b'1512739675',b'582180616'
b'1512739675',b'100003026136552'
b'1512739675',b'769109418'
b'1512739675',b'100005246072246'
b'1512739675',b'100012752402544'
b'1512739675',b'100026795495058'
b'1512739675',b'100017401239141'
b'1512739675',b'100003503244228'
b'1512739675',b'100001498417823'
b'1512739675',b'647586300'
b'1512739675',b'680746486'
b'1512739675',b'725978239'
b'1512739675',b'100011195830466'
b'1512739675',b'1324786900'
b'1512739675',b'1128559439'
b'1512739675',b'720166273'
b'1512739675',b'100005350779115'
b'1512739675',b'100000157862691'
b'100000455055095',b'509167684'
b'100000455055095',b'1200795483'
b'100000455055095',b'100011959694087'
b'100000455055095',b'100005886249551'
b'100000455055095',b'669485841'
b'100000455055095',b'1301704304'
b'100000455055095',b'100016885514546'
b'100000455055095',b'1677450373'
b'100000455055095',b'100014649483803'
b'100000455055095',b'100014563835227'
b'100000455055095',b'100021632614482'
b'100000455055095',b'1129241406'
b'100000455055095',b'582180616'
b'100000455055095',b'100003026136552'
b'100000455055095',b'769109418'
b'100000455055095',b'100005246072246'
b'100000455055095',b'100012752402544'
b'100000455055095',b'100026795495058'
b'100000455055095',b'100017401239141'
b'100000455055095',b'100003503244228'
b'100000455055095',b'100001498417823'
b'100000455055095',b'647586300'
b'100000455055095',b'680746486'
b'100000455055095',b'725978239'
b'100000455055095',b'100011195830466'
b'100000455055095',b'1324786900'
b'100000455055095',b'1128559439'
b'100000455055095',b'720166273'
b'100000455055095',b'100005350779115'
b'100000455055095',b'100000157862691'
b'100004284977446',b'509167684'
b'100004284977446',b'1200795483'
b'100004284977446',b'100011959694087'
b'100004284977446',b'100005886249551'
b'100004284977446',b'669485841'
b'100004284977446',b'1301704304'
b'100004284977446',b'100016885514546'
b'100004284977446',b'1677450373'
b'100004284977446',b'100014649483803'
b'100004284977446',b'100014563835227'
b'100004284977446',b'100021632614482'
b'100004284977446',b'1129241406'
b'100004284977446',b'582180616'
b'100004284977446',b'100003026136552'
b'100004284977446',b'769109418'
b'100004284977446',b'100005246072246'
b'100004284977446',b'100012752402544'
b'100004284977446',b'100026795495058'
b'100004284977446',b'100017401239141'
b'100004284977446',b'100003503244228'
b'100004284977446',b'100001498417823'
b'100004284977446',b'647586300'
b'100004284977446',b'680746486'
b'100004284977446',b'725978239'
b'100004284977446',b'100011195830466'
b'100004284977446',b'1324786900'
b'100004284977446',b'1128559439'
b'100004284977446',b'720166273'
b'100004284977446',b'100005350779115'
b'100004284977446',b'100000157862691'
b'1097547498',b'509167684'
b'1097547498',b'1200795483'
b'1097547498',b'100011959694087'
b'1097547498',b'100005886249551'
b'1097547498',b'669485841'
b'1097547498',b'1301704304'
b'1097547498',b'100016885514546'
b'1097547498',b'1677450373'
b'1097547498',b'100014649483803'
b'1097547498',b'100014563835227'
b'1097547498',b'100021632614482'
b'1097547498',b'1129241406'
b'1097547498',b'582180616'
b'1097547498',b'100003026136552'
b'1097547498',b'769109418'
b'1097547498',b'100005246072246'
b'1097547498',b'100012752402544'
b'1097547498',b'100026795495058'
b'1097547498',b'100017401239141'
b'1097547498',b'100003503244228'
b'1097547498',b'100001498417823'
b'1097547498',b'647586300'
b'1097547498',b'680746486'
b'1097547498',b'725978239'
b'1097547498',b'100011195830466'
b'1097547498',b'1324786900'
b'1097547498',b'1128559439'
b'1097547498',b'720166273'
b'1097547498',b'100005350779115'
b'1097547498',b'100000157862691'
b'1271295676',b'509167684'
b'1271295676',b'1200795483'
b'1271295676',b'100011959694087'
b'1271295676',b'100005886249551'
b'1271295676',b'669485841'
b'1271295676',b'1301704304'
b'1271295676',b'100016885514546'
b'1271295676',b'1677450373'
b'1271295676',b'100014649483803'
b'1271295676',b'100014563835227'
b'1271295676',b'100021632614482'
b'1271295676',b'1129241406'
b'1271295676',b'582180616'
b'1271295676',b'100003026136552'
b'1271295676',b'769109418'
b'1271295676',b'100005246072246'
b'1271295676',b'100012752402544'
b'1271295676',b'100026795495058'
b'1271295676',b'100017401239141'
b'1271295676',b'100003503244228'
b'1271295676',b'100001498417823'
b'1271295676',b'647586300'
b'1271295676',b'680746486'
b'1271295676',b'725978239'
b'1271295676',b'100011195830466'
b'1271295676',b'1324786900'
b'1271295676',b'1128559439'
b'1271295676',b'720166273'
b'1271295676',b'100005350779115'
b'1271295676',b'100000157862691'
b'728389581',b'509167684'
b'728389581',b'1200795483'
b'728389581',b'100011959694087'
b'728389581',b'100005886249551'
b'728389581',b'669485841'
b'728389581',b'1301704304'
b'728389581',b'100016885514546'
b'728389581',b'1677450373'
b'728389581',b'100014649483803'
b'728389581',b'100014563835227'
b'728389581',b'100021632614482'
b'728389581',b'1129241406'
b'728389581',b'582180616'
b'728389581',b'100003026136552'
b'728389581',b'769109418'
b'728389581',b'100005246072246'
b'728389581',b'100012752402544'
b'728389581',b'100026795495058'
b'728389581',b'100017401239141'
b'728389581',b'100003503244228'
b'728389581',b'100001498417823'
b'728389581',b'647586300'
b'728389581',b'680746486'
b'728389581',b'725978239'
b'728389581',b'100011195830466'
b'728389581',b'1324786900'
b'728389581',b'1128559439'
b'728389581',b'720166273'
b'728389581',b'100005350779115'
b'728389581',b'100000157862691'
